{"cameraMode":{"drawMode":0,"name":"Shaded","section":"Shading Mode"},"sceneLighting":true,"audioPlay":false,"sceneViewState":{"showFog":true,"showMaterialUpdate":false,"showSkybox":true,"showFlares":true,"showImageEffects":true,"showParticleSystems":true},"in2DMode":false,"pivot":{"x":4.923969268798828,"y":15.714322090148926,"z":-16.558643341064454},"rotation":{"x":0.1357993185520172,"y":-0.7183138132095337,"z":0.14682215452194215,"w":0.6666848063468933},"size":6.003182888031006,"orthographic":false}