{"cameraMode":{"drawMode":0,"name":"Shaded","section":"Shading Mode"},"sceneLighting":true,"audioPlay":false,"sceneViewState":{"showFog":true,"showMaterialUpdate":false,"showSkybox":true,"showFlares":true,"showImageEffects":true,"showParticleSystems":true},"in2DMode":false,"pivot":{"x":57.78683853149414,"y":26.70446014404297,"z":-11.05922794342041},"rotation":{"x":-0.07670483738183975,"y":0.7249390482902527,"z":-0.08241195976734162,"w":-0.679740309715271},"size":6.003182888031006,"orthographic":false}