{"cameraMode":{"drawMode":0,"name":"Shaded","section":"Shading Mode"},"sceneLighting":true,"audioPlay":false,"sceneViewState":{"showFog":true,"showMaterialUpdate":false,"showSkybox":true,"showFlares":true,"showImageEffects":true,"showParticleSystems":true},"in2DMode":false,"pivot":{"x":25.54584312438965,"y":16.97825813293457,"z":-11.054927825927735},"rotation":{"x":-0.05541535094380379,"y":0.7525407671928406,"z":-0.06341154873371124,"w":-0.6531977653503418},"size":27.16721534729004,"orthographic":false}